<?xml version="1.0" encoding="UTF-8"?>
<project-private xmlns="http://www.netbeans.org/ns/project-private/1">
    <editor-bookmarks xmlns="http://www.netbeans.org/ns/editor-bookmarks/2" lastBookmarkId="0"/>
    <open-files xmlns="http://www.netbeans.org/ns/projectui-open-files/2">
        <group>
            <file>file:/home/aichurok/NetBeansProjects/assignment01/src/assignment01/FileRead.java</file>
            <file>file:/home/aichurok/NetBeansProjects/assignment01/src/assignment01/Polygon.java</file>
            <file>file:/home/aichurok/NetBeansProjects/assignment01/src/assignment01/Square.java</file>
            <file>file:/home/aichurok/NetBeansProjects/assignment01/src/assignment01/InvalidInputException.java</file>
            <file>file:/home/aichurok/NetBeansProjects/assignment01/src/assignment01/Hexagon.java</file>
            <file>file:/home/aichurok/NetBeansProjects/assignment01/src/assignment01/Main.java</file>
            <file>file:/home/aichurok/NetBeansProjects/assignment01/src/assignment01/Circle.java</file>
            <file>file:/home/aichurok/NetBeansProjects/assignment01/src/assignment01/Point.java</file>
            <file>file:/home/aichurok/NetBeansProjects/assignment01/src/assignment01/Triangle.java</file>
        </group>
    </open-files>
</project-private>
