<?xml version="1.0" encoding="UTF-8"?>
<project-private xmlns="http://www.netbeans.org/ns/project-private/1">
    <editor-bookmarks xmlns="http://www.netbeans.org/ns/editor-bookmarks/2" lastBookmarkId="0"/>
    <open-files xmlns="http://www.netbeans.org/ns/projectui-open-files/2">
        <group>
            <file>file:/C:/Users/aichu/Documents/NetBeansProjects/assignment03/src/model/GameLevel.java</file>
            <file>file:/C:/Users/aichu/Documents/NetBeansProjects/assignment03/src/model/Position.java</file>
            <file>file:/C:/Users/aichu/Documents/NetBeansProjects/assignment03/src/persistence/HighScores.java</file>
            <file>file:/C:/Users/aichu/Documents/NetBeansProjects/assignment03/src/view/HighScoreWindow.java</file>
            <file>file:/C:/Users/aichu/Documents/NetBeansProjects/assignment03/src/model/LevelItem.java</file>
            <file>file:/C:/Users/aichu/Documents/NetBeansProjects/assignment03/src/view/Board.java</file>
            <file>file:/C:/Users/aichu/Documents/NetBeansProjects/assignment03/src/model/Direction.java</file>
            <file>file:/C:/Users/aichu/Documents/NetBeansProjects/assignment03/src/persistence/HighScore.java</file>
            <file>file:/C:/Users/aichu/Documents/NetBeansProjects/assignment03/src/model/Game.java</file>
            <file>file:/C:/Users/aichu/Documents/NetBeansProjects/assignment03/src/view/HighScoreTableModel.java</file>
            <file>file:/C:/Users/aichu/Documents/NetBeansProjects/assignment03/src/persistence/Database.java</file>
            <file>file:/C:/Users/aichu/Documents/NetBeansProjects/assignment03/src/view/MainWindow.java</file>
        </group>
    </open-files>
</project-private>
