<?xml version="1.0" encoding="UTF-8"?>
<project-private xmlns="http://www.netbeans.org/ns/project-private/1">
    <editor-bookmarks xmlns="http://www.netbeans.org/ns/editor-bookmarks/2" lastBookmarkId="0"/>
    <open-files xmlns="http://www.netbeans.org/ns/projectui-open-files/2">
        <group>
            <file>file:/C:/Users/aichu/Documents/NetBeansProjects/assignment02/src/assignment02/Player.java</file>
            <file>file:/C:/Users/aichu/Documents/NetBeansProjects/assignment02/src/assignment02/GameWindow.java</file>
            <file>file:/C:/Users/aichu/Documents/NetBeansProjects/assignment02/src/assignment02/EntryWindow.java</file>
            <file>file:/C:/Users/aichu/Documents/NetBeansProjects/assignment02/src/assignment02/Model.java</file>
            <file>file:/C:/Users/aichu/Documents/NetBeansProjects/assignment02/src/assignment02/MenuWindow.java</file>
            <file>file:/C:/Users/aichu/Documents/NetBeansProjects/assignment02/src/assignment02/Assignment02.java</file>
            <file>file:/C:/Users/aichu/Documents/NetBeansProjects/assignment02/src/assignment02/Cell.java</file>
        </group>
    </open-files>
</project-private>
